facility_id,organization_id,share
047888e3,org_8c965124,1.0
06f2fa25,org_860e56bf,1.0
08ffe6d2,org_c838287f,1.0
0943f240,org_1caa1cf4,0.93
0a8165e3,org_bd6c7fc0,1.0
0dc94d4c,org_62bb63b9,1.0
0edae41d,org_0db3454d,1.0
1288c44b,org_c2aa9011,1.0
141dc4d9,org_5740ff25,1.0
159fda82,org_01b51af0,1.0
15e16c3c,org_aca32653,1.0
176640e9,org_17497594,1.0
18962161,org_49bd0599,1.0
19564e64,org_64e5adde,1.0
1c531849,org_81985c30,1.0
1c67c9a5,org_2a4e3f1e,1.0
1daea1f7,org_e8d8c8ac,1.0
1e04ae30,org_62e302a5,1.0
1e8ccaa5,org_a0a086d8,1.0
1f2d783f,org_890b2918,1.0
2290f820,org_0661c251,0.5
2290f820,org_dac23fbf,0.5
24bb32b4,org_64e5adde,1.0
26af24bb,org_882a48c1,1.0
28bd0211,org_bb0a8d42,1.0
2d714da1,org_a5e6e38d,1.0
307f8e57,org_c4b7516e,1.0
30d8879f,org_cac1a8c3,1.0
35c64be4,org_fb661ee0,1.0
383f296e,org_98b668d9,1.0
391abb50,org_17497594,1.0
39dc8740,org_8390a3ba,1.0
3c23882e,org_9838ff25,1.0
3f8e5330,org_8460f3ec,1.0
403c865c,org_6241fe18,1.0
46e5aa3e,org_76891572,1.0
47cf22ae,org_027d4450,1.0
47f7223d,org_052377e7,1.0
4a4d05f7,org_e59b5030,1.0
4b8f324d,org_d0e98097,1.0
4ce24db9,org_76f6d094,1.0
4f22984e,org_10f1556d,1.0
4ff39f24,org_f8c59534,1.0
57c8a769,org_fb661ee0,1.0
58b886ef,org_add15b73,1.0
5a910042,org_10f1556d,1.0
5add53e0,org_2cef627c,1.0
5c3c3ded,org_b522eb7b,1.0
62086957,org_17497594,1.0
6406e1e8,org_17c1351d,1.0
6a46fddb,org_6e101edb,1.0
6a54ad25,org_cac1a8c3,1.0
6d03de95,org_fc36f43d,1.0
70d5316a,org_c12e5c40,1.0
73be680c,org_5231ae96,1.0
74a48812,org_0c410bbd,1.0
74b0c40d,org_e17f97cf,1.0
765d6912,org_7f5005a2,1.0
7a003339,org_1525c238,1.0
7a3911e7,org_e9f70624,1.0
7ba4e4be,org_7c5b157e,1.0
7ebca8e8,org_c2aa9011,1.0
7ec4e655,org_2b4a2873,1.0
818851d9,org_81985c30,1.0
8527d0ef,org_c7949e3b,1.0
858966f0,org_4d3a47b4,1.0
85b45fea,org_e82463dc,1.0
88392c56,org_fae4c16b,1.0
8ad9a60e,org_64e5adde,1.0
8b0072a2,org_dcaae244,1.0
8d5430e0,org_ce299d5b,1.0
951e82c8,org_c3f05993,1.0
95955ab2,org_81985c30,1.0
959a839b,org_c9d5403e,1.0
9f011286,org_05f0519f,1.0
a43ffbc5,org_76198662,1.0
a6630b6f,org_17497594,0.55
a6630b6f,org_1db2a8d3,0.45
a81a21a0,org_13f37bcd,0.5
a81a21a0,org_9c861e88,0.5
a92397ab,org_64144f74,1.0
b345de20,org_858e26de,1.0
b3f4dd08,org_10f1556d,1.0
b7a45f35,org_890b2918,1.0
b97b1fa7,org_d0e98097,1.0
b9b7b8a8,org_25634cb7,1.0
ba34bcc6,org_5dcf99fc,1.0
bb6398b6,org_46d579ac,1.0
be27ba75,org_8450595c,1.0
be6d7aaa,org_35663f35,1.0
c023abf1,org_bb536665,1.0
c3199690,org_62bb63b9,1.0
c4ac66e9,org_98eef8d6,1.0
c64eed0e,org_c12e5c40,1.0
c7665fa4,org_10f1556d,1.0
c7729100,org_2edd64b1,1.0
c78f7046,org_ae7c8083,1.0
cc164d13,org_5e00d7d1,1.0
d378f0f0,org_64144f74,1.0
daac8705,org_d4d3c771,1.0
e90ab211,org_5e00d7d1,1.0
e9e6f955,org_64e5adde,1.0
eb05f2e5,org_ca660e97,0.7
eb05f2e5,org_e02aa174,0.3
eddbcbe4,org_b307ffe2,1.0
eed57791,org_542cfb78,1.0
f04fa134,org_5a291a0f,0.5
f04fa134,org_890b2918,0.5
f082d14f,org_ca660e97,1.0
f2e21dac,org_0cdf5843,1.0
f7681451,org_6f5b7009,1.0
fac4c032,org_decdbacd,1.0
fae4e58f,org_d5bbb2cc,1.0
fbd5de55,org_9f70cfaa,1.0
fd662c46,org_76198662,1.0
ffc8d3be,org_08097f61,0.1
ffc8d3be,org_76891572,0.9
