facility_id,feedstock,bid_min_usd_per_t,bid_max_usd_per_t
047888e3,crude,489.0,575.7
06f2fa25,crude,522.6,641.9
08ffe6d2,crude,510.0,587.2
0943f240,crude,535.2,640.6
0a8165e3,crude,487.5,584.5
0dc94d4c,crude,534.0,681.9
0edae41d,crude,543.0,692.0
1288c44b,crude,511.6,636.9
141dc4d9,crude,502.3,583.1
159fda82,crude,558.3,672.5
176640e9,crude,534.1,657.2
18962161,crude,540.8,658.4
19564e64,crude,483.1,610.5
1c531849,crude,486.3,606.8
1daea1f7,crude,480.3,557.1
1e8ccaa5,crude,562.3,692.7
1f2d783f,crude,484.3,582.5
2290f820,crude,558.4,686.2
24bb32b4,crude,515.7,634.7
26af24bb,crude,545.8,671.7
307f8e57,crude,507.8,584.4
30d8879f,crude,529.4,644.2
35c64be4,crude,489.5,586.3
383f296e,crude,513.9,621.2
391abb50,crude,497.9,623.3
39dc8740,crude,496.9,612.3
3c23882e,crude,530.0,674.8
403c865c,crude,472.7,572.7
46e5aa3e,crude,495.8,587.9
4a4d05f7,crude,518.3,665.3
4b8f324d,crude,503.2,633.0
4ce24db9,crude,537.6,643.7
4f22984e,crude,460.7,558.7
57c8a769,crude,473.9,575.7
58b886ef,crude,490.8,566.0
5a910042,crude,507.1,655.7
62086957,crude,521.3,663.9
6a54ad25,crude,511.8,617.4
6d03de95,crude,483.0,580.1
70d5316a,crude,455.6,557.8
74a48812,crude,492.8,582.9
765d6912,crude,505.8,655.7
7a003339,crude,544.0,641.4
7a3911e7,crude,535.1,678.2
7ba4e4be,crude,476.4,580.1
7ebca8e8,crude,556.5,699.7
7ec4e655,crude,477.9,563.6
818851d9,crude,486.1,575.0
8527d0ef,crude,492.7,579.5
858966f0,crude,521.1,640.7
85b45fea,crude,511.5,655.4
8ad9a60e,crude,511.8,616.5
8b0072a2,crude,542.6,676.6
8d5430e0,crude,484.2,563.9
951e82c8,crude,501.1,581.3
95955ab2,crude,465.4,561.7
959a839b,crude,499.8,629.7
9f011286,crude,538.9,679.6
a43ffbc5,crude,508.9,612.3
a6630b6f,crude,508.4,629.6
a81a21a0,crude,538.5,669.9
a92397ab,crude,503.4,624.1
b3f4dd08,crude,585.2,696.3
b7a45f35,crude,466.1,560.4
b97b1fa7,crude,484.9,567.5
b9b7b8a8,crude,525.7,664.9
ba34bcc6,crude,473.1,573.5
bb6398b6,crude,538.9,642.1
be27ba75,crude,521.0,639.6
c3199690,crude,497.9,611.7
c4ac66e9,crude,497.4,582.0
c64eed0e,crude,501.5,630.8
c7665fa4,crude,497.9,621.0
c7729100,crude,505.0,632.3
c78f7046,crude,508.9,619.0
cc164d13,crude,537.1,665.7
d378f0f0,crude,486.7,605.7
daac8705,crude,522.7,658.1
e90ab211,crude,554.9,676.8
e9e6f955,crude,554.0,667.8
eb05f2e5,crude,545.5,673.3
eddbcbe4,crude,455.7,558.6
f04fa134,crude,480.9,576.2
f082d14f,crude,563.8,696.5
f2e21dac,crude,547.2,657.6
f7681451,crude,506.2,624.7
fac4c032,crude,509.2,620.6
fae4e58f,crude,577.6,688.0
fbd5de55,crude,574.7,687.1
fd662c46,crude,467.9,571.5
15e16c3c,naphtha,570.1,951.2
1c67c9a5,naphtha,611.7,848.3
1e04ae30,naphtha,500.6,661.3
28bd0211,naphtha,448.7,746.4
2d714da1,naphtha,589.8,981.8
3f8e5330,naphtha,519.7,677.3
47cf22ae,naphtha,558.1,934.8
47f7223d,naphtha,695.2,1027.1
4ff39f24,naphtha,696.5,1046.2
5add53e0,naphtha,551.6,789.4
5c3c3ded,naphtha,507.5,648.5
6406e1e8,naphtha,637.2,970.9
6a46fddb,naphtha,534.3,801.9
73be680c,naphtha,615.6,950.4
74b0c40d,naphtha,549.5,943.8
88392c56,naphtha,514.1,662.8
b345de20,naphtha,578.2,973.7
be6d7aaa,naphtha,648.6,1028.6
c023abf1,naphtha,530.3,687.8
eed57791,naphtha,700.5,1041.6
ffc8d3be,naphtha,674.1,1037.0
