id,name,country_code
org_01b51af0,Petronor SA,ESP
org_027d4450,Dow Benelux (Nederland) NV,NLD
org_052377e7,Unipetrol,CZE
org_05c483e8,Saudi Basic Industries Corporation,SAU
org_05f0519f,Saras Raffinerie Sarde SpA,ITA
org_0661c251,Raffineria di Milazzo SpA,ITA
org_08097f61,HIP-Petrohemija,SRB
org_0bd26d72,ORLEN Unipetrol AS,
org_0c410bbd,INA Industrija Nafte D D,HRV
org_0cdf5843,SOCAR,AZE
org_0db3454d,Neste Corporation,FIN
org_10e027c3,Oilinvest BV,
org_10f1556d,Turkiye Petrol Rafinerileri A.S.,TUR
org_13f37bcd,PetroChina Company Limited,CHN
org_1525c238,Equinor ASA,NOR
org_17497594,TotalEnergies SE,FRA
org_17c1351d,LyondellBasell Industries NV,NLD
org_1b84459a,Eni Spa,ITA
org_1caa1cf4,Lukoil Bulgaria,BGR
org_1db2a8d3,Lukoil PJSC,RUS
org_1e45efab,Versalis SpA,ITA
org_1f004390,Trafigura Group Pte Limited,
org_20642469,TotalEnergies Petrochemicals & Refining SA/NV,
org_21a85cbc,Mubadala Investment Company,
org_25634cb7,TotalEnergies Raffinerie Mitteldeutschland GmbH,DEU
org_2a4e3f1e,Shell Nederland Chemie BV,NLD
org_2b3f62a0,Valero Energy Corporation,
org_2b4a2873,SC  WEST PETROL RAFINARE SRL,ROU
org_2cef627c,BASF SE,DEU
org_2edd64b1,BP Energia Espana SA,ESP
org_34ae1542,INEOS Group Limited,GBR
org_35663f35,Arxada AG,CHE
org_37819584,MOL Group,
org_391454ec,Phillips 66,USA
org_41f33409,Saras SpA,
org_44a5c283,Osterreichische Beteiligungs AG,
org_46d579ac,Shell Deutschland GmbH,DEU
org_49bd0599,Galp Energia SGPS SA,PRT
org_4b0e0dbc,Gunvor Deutschland GmbH,
org_4cb3407e,Rosneft NK PAO,RUS
org_4d3a47b4,OMV Aktiengesellschaft,AUT
org_5231ae96,INEOS Koeln GmbH,DEU
org_542cfb78,MOL Petrolkemia Zrt,HUN
org_5740ff25,Holborn Europa Raffinerie GmbH,DEU
org_5a291a0f,Shell Plc,GBR
org_5dcf99fc,Petrotel-Lukoil,ROU
org_5e00d7d1,Moeve,ESP
org_5ff11695,Dow Europe GmbH,
org_6241fe18,OMV Deutschland GmbH,DEU
org_62bb63b9,Preem AB,SWE
org_62e302a5,Borealis Polymers Oy,FIN
org_64144f74,Isab Srl,ITA
org_64e5adde,Repsol S.A.,ESP
org_6e101edb,SABIC Europe,NLD
org_6f5b7009,Sonatrach Raffineria Italiana S.r.l.,ITA
org_71c54c03,ExxonMobil Corporation,USA
org_73bfc2a4,KazMunayGas International NV,NLD
org_76198662,"ORLEN Unipetrol RPA, s.r.o.",CZE
org_76891572,Naftna Industrija Srbije (NIS),SRB
org_76f6d094,Gunvor Raffinerie Ingolstadt GmbH,DEU
org_7c5b157e,Insa Oil,BGR
org_7f5005a2,BP Raffinaderij Rotterdam B.V.,NLD
org_81985c30,HelleniQ Energy,GRC
org_8390a3ba,Rhone Energies SAS,FRA
org_83966a35,Borouge International,
org_8450595c,Motor Oil Hellas SA,GRC
org_8460f3ec,LyondellBasell Industries NV,NLD
org_858e26de,Basell Polyolefine GmbH,DEU
org_860e56bf,Rompetrol Rafinare SA,ROU
org_882a48c1,Total Refining & Chemicals,FRA
org_890b2918,Nynas Petroleum AB,SWE
org_8ae207d7,Essar Global Fund Limited,
org_8c965124,Irving Oil Limited,CAN
org_8e773187,Gazprom Neft PAO,RUS
org_8fdbf09c,Dow Deutschland Anlagengesellschaft mbH,DEU
org_9838ff25,PCK Raffinerie Gmbh,DEU
org_98b668d9,Esso Netherlands B V,NLD
org_98eef8d6,Api Raffineria Di Ancona S p A,ITA
org_9c861e88,PetroIneos Manufacturing France SAS,FRA
org_9ce486e7,Bain Capital LLC,
org_9f70cfaa,Valero Energy Corporation,GBR
org_a0a086d8,Shell Nederland Raffinaderij B V,NLD
org_a5e6e38d,Total Petrochemicals France,FRA
org_a6ff75dd,Varo Energy Marketing AG,
org_aa2d6da0,BP PLC,GBR
org_aca32653,Dow Olefinverbund GmbH,DEU
org_acb8b05c,Klesch & Company Limited,
org_add15b73,Iplom SpA,ITA
org_ae7c8083,ORLEN Lietuva,LTU
org_ae80d7ca,Klesch Geneva,
org_b307ffe2,BP Europa SE,DEU
org_b522eb7b,Versalis France SA,FRA
org_b5284e8d,G.O.I. Energy S.r.l.,
org_bb060e0e,Postlane Partners,
org_bb0a8d42,Dow Chemical Iberica SA,ESP
org_bb536665,Slovnaft Petrochemicals s r o,SVK
org_bd65cf96,Koc Holding AS,
org_bd6c7fc0,VAROPreem,CHE
org_c12e5c40,Bayernoil Raffineriegesellschaft mbH,DEU
org_c2aa9011,Eni Industrial Evolution,ITA
org_c3f05993,Alma Petroli S p A,ITA
org_c4b7516e,ASESA - Asfaltos Espanoles SA,ESP
org_c7949e3b,OMV Petrom SA,ROU
org_c838287f,Crossbridge Energy A/S,DNK
org_c9d5403e,Sarpom S.r.l.,ITA
org_ca660e97,Orlen SA,POL
org_cac1a8c3,Ruhr Oel GmbH,DEU
org_ce299d5b,St1 Refinery AB,SWE
org_d0e98097,MOL Nyrt,HUN
org_d0f056e5,The Carlyle Group,
org_d4d3c771,Esso Petroleum Company Ltd,GBR
org_d557ccc9,Sonatrach,DZA
org_d5bbb2cc,EET Fuels,GBR
org_d7aabf63,Api Holding SpA,
org_dac23fbf,Kuwait Petroleum Italia SpA,ITA
org_dcaae244,Phillips 66,GBR
org_decdbacd,Slovnaft a.s.,SVK
org_e02aa174,Saudi Arabian Oil Company,SAU
org_e17f97cf,Total Petrochemicals Antwerpen NV,BEL
org_e378ff96,St1 Nordic Oy,
org_e59b5030,Mineraloelraffinerie Oberrhein GmbH & Co KG,DEU
org_e82463dc,North Atlantic Energies,FRA
org_e8d8c8ac,Kalundborg Refinery AS,DNK
org_e9f70624,Esso Belgium NV,BEL
org_f8c19908,Dow Incorporated,USA
org_f8c59534,Naphtachimie SNC,FRA
org_fae4c16b,Petkim Petrokimya Holding A S,TUR
org_fb661ee0,Orlen Poludnie SA,POL
org_fc36f43d,Raffinerie Heide GmbH,DEU
