facility_id,material,imported_t_2025,exported_t_2025
09ce0874,crude,921238.0,0.0
09f877a8,crude,149290.0,0.0
0ae30682,crude,2200061.0,0.0
0da44787,crude,0.0,1001679.0
0f764555,crude,1182450.0,0.0
12d6ed9a,crude,671490.0,0.0
14f4a8c6,crude,12786436.0,0.0
19240ddd,crude,15460532.0,0.0
1b03b303,crude,0.0,9962851.0
1bec0071,crude,0.0,397683.0
1cd9103c,crude,2827210.0,0.0
1e7daa53,crude,4466332.0,0.0
263da640,crude,9595132.0,0.0
29dce54b,crude,12273.0,0.0
2a1bce3a,crude,7851306.0,0.0
2a5496ac,crude,8122.0,0.0
2b68ae18,crude,0.0,134482.0
2bb49554,crude,0.0,80168.0
3617034c,crude,0.0,247815.0
36c4ccef,crude,3646.0,0.0
47e82818,crude,10737169.0,0.0
49ad50c1,crude,0.0,3947627.0
4b548307,crude,0.0,517992.0
4fc6f7af,crude,2116316.0,0.0
5002acae,crude,8329977.0,0.0
50d7a92b,crude,9075265.0,0.0
598d4291,crude,0.0,22876.0
5d49f8e7,crude,0.0,484453.0
5d688dfc,crude,37538991.0,0.0
64d4fb0e,crude,6428684.0,0.0
65d622bd,crude,5666538.0,0.0
6bae4a23,crude,8156763.0,0.0
741e890b,crude,51965.0,0.0
79573be6,crude,0.0,232933.0
7ad6df35,crude,64173052.0,0.0
7c408615,crude,9476257.0,0.0
7e8542d1,crude,1216447.0,1169812.0
7f03dd7d,crude,0.0,232476.0
846fd219,crude,1086900.0,0.0
87da84dc,crude,7211193.0,0.0
87e48f98,crude,6232057.0,0.0
8820a06a,crude,0.0,3215801.0
8a27ed79,crude,143826.0,0.0
8cb1f5e9,crude,28743.0,610695.0
8d803d51,crude,4334604.0,0.0
8f793f55,crude,90419.0,0.0
8fe972b8,crude,0.0,39072.0
94db3491,crude,395799.0,0.0
9944fac5,crude,5692623.0,0.0
9b36065a,crude,18985451.0,0.0
9c25973d,crude,10745.0,0.0
9dca7d91,crude,0.0,191607.0
9eaa9be9,crude,9333213.0,0.0
a138d843,crude,151859.0,0.0
a1ab60e4,crude,16290.0,0.0
a1b179ae,crude,72495.0,0.0
a5b8acb5,crude,0.0,7125625.0
a6813687,crude,5709416.0,0.0
ab338597,crude,7690096.0,0.0
ac64c327,crude,4081878.0,0.0
aded2aa9,crude,9664014.0,0.0
ae36b05f,crude,40943147.0,0.0
af489593,crude,5704599.0,0.0
af5c2042,crude,102241.0,0.0
b4df57a6,crude,4175895.0,0.0
b5853929,crude,1262207.0,886159.0
b7fea969,crude,8372381.0,0.0
be839cf7,crude,0.0,154272.0
bef79ccb,crude,0.0,1254034.0
bf274787,crude,0.0,60476.0
c283c0f8,crude,0.0,372559.0
c427150a,crude,10428830.0,0.0
caaf9dcf,crude,9586386.0,0.0
cb0703b0,crude,14003507.0,0.0
d0fe845d,crude,52255.0,0.0
d4c77b69,crude,413867.0,29467190.0
d6bc78b3,crude,0.0,59361.0
d74f673f,crude,11207762.0,0.0
d79eb2e2,crude,10836149.0,0.0
d941692a,crude,11971005.0,0.0
d96250b1,crude,44406.0,0.0
db362fa2,crude,0.0,188287.0
db8af6ec,crude,106161.0,0.0
de5ae086,crude,3610804.0,0.0
e0e41130,crude,0.0,1459833.0
e221d8f7,crude,10643793.0,0.0
e27c1bf9,crude,5171769.0,0.0
e4de39ff,crude,7027505.0,0.0
e682bb86,crude,9041881.0,0.0
e766d6af,crude,8038625.0,0.0
effbc0d3,crude,4417971.0,0.0
f0c4ad73,crude,643771.0,0.0
f37a391f,crude,0.0,1177742.0
fb0b3578,crude,6134936.0,0.0
fe1f5479,crude,3011497.0,0.0
037be004,naphtha,0.0,22839.0
09ce0874,naphtha,0.0,6520.0
09f877a8,naphtha,491786.0,13906.0
0baa2673,naphtha,0.0,1199.0
0c706f61,naphtha,0.0,3643.0
14f4a8c6,naphtha,22743.0,519779.0
150747c9,naphtha,2553.0,0.0
156c1fbc,naphtha,51849.0,0.0
19240ddd,naphtha,1128.0,119580.0
19f089af,naphtha,15543.0,31481.0
1b03b303,naphtha,48905.0,70436.0
1cd9103c,naphtha,66541.0,25387.0
1e7daa53,naphtha,0.0,393090.0
1f9a0672,naphtha,2782.0,0.0
206f80e4,naphtha,152842.0,0.0
21ec4726,naphtha,533028.0,0.0
24c5a285,naphtha,88173.0,0.0
263da640,naphtha,106557.0,8364.0
2a1bce3a,naphtha,1281676.0,39973.0
348f240a,naphtha,224455.0,0.0
38c59ab4,naphtha,1129079.0,280413.0
3a3b82a3,naphtha,14225.0,116277.0
3cc457e2,naphtha,94617.0,0.0
3ee18a0a,naphtha,0.0,5399.0
47e82818,naphtha,5252.0,1514267.0
4fc6f7af,naphtha,0.0,17079.0
5002acae,naphtha,96144.0,15978.0
50d7a92b,naphtha,68788.0,596772.0
513c54ca,naphtha,676474.0,0.0
54e13929,naphtha,0.0,2487.0
5825f482,naphtha,55482.0,11158.0
5d23d3e2,naphtha,294772.0,3524.0
5d688dfc,naphtha,0.0,130060.0
61510af2,naphtha,0.0,5535.0
61b88dca,naphtha,6876.0,0.0
64d4fb0e,naphtha,0.0,399501.0
66e32a72,naphtha,376944.0,0.0
6797225f,naphtha,0.0,453.0
67c34b92,naphtha,0.0,284921.0
6bae4a23,naphtha,97660.0,577838.0
6bde3d02,naphtha,0.0,1926.0
6c4262ed,naphtha,0.0,34007.0
727a1f6f,naphtha,37385.0,0.0
792c769c,naphtha,0.0,140621.0
79573be6,naphtha,0.0,24947.0
7ad6df35,naphtha,89806.0,194893.0
7c408615,naphtha,0.0,12442.0
7e3b2374,naphtha,4688.0,0.0
7e8542d1,naphtha,0.0,193240.0
82cc39d7,naphtha,332.0,0.0
846fd219,naphtha,180858.0,116902.0
87da84dc,naphtha,38818.0,44010.0
89f67506,naphtha,220928.0,0.0
8cb1f5e9,naphtha,0.0,180177.0
8d803d51,naphtha,138386.0,419860.0
983f66ac,naphtha,626060.0,10952.0
9944fac5,naphtha,454198.0,14630.0
9c25973d,naphtha,37145.0,0.0
9d1908d5,naphtha,1743005.0,373099.0
9f064f25,naphtha,99526.0,90849.0
a138d843,naphtha,3105686.0,470174.0
a1ab60e4,naphtha,0.0,26808.0
a587bd28,naphtha,0.0,17224.0
a6813687,naphtha,0.0,35925.0
a6a30172,naphtha,0.0,92205.0
ab338597,naphtha,0.0,383227.0
ac28bf42,naphtha,52423.0,12912.0
ac64c327,naphtha,7790.0,0.0
aded2aa9,naphtha,1955726.0,0.0
af489593,naphtha,0.0,631224.0
af5c2042,naphtha,86061.0,0.0
b3853037,naphtha,10211.0,0.0
b4df57a6,naphtha,850488.0,725732.0
b5853929,naphtha,18292.0,546188.0
b7fea969,naphtha,29519.0,635106.0
bfe69bb9,naphtha,3871.0,0.0
c427150a,naphtha,29161.0,207048.0
c862e909,naphtha,0.0,332.0
c92856ad,naphtha,1199.0,0.0
cb0703b0,naphtha,59198.0,993451.0
ce401f46,naphtha,8798.0,1028438.0
ce85600a,naphtha,7918.0,0.0
d27edb51,naphtha,0.0,2292.0
d79eb2e2,naphtha,224593.0,77520.0
d941692a,naphtha,184848.0,423036.0
de5ae086,naphtha,0.0,22931.0
e221d8f7,naphtha,44045.0,5021.0
e27c1bf9,naphtha,15468.0,0.0
e4de39ff,naphtha,331987.0,7681.0
e821d76d,naphtha,344947.0,25129.0
ea599e63,naphtha,0.0,2768.0
eae3910e,naphtha,0.0,2201.0
f28b1880,naphtha,18176.0,28410.0
f3b6e742,naphtha,19150.0,742593.0
f5492885,naphtha,0.0,1364.0
f87e7ba6,naphtha,8778.0,0.0
f9e0138e,naphtha,41263.0,0.0
fc849b55,naphtha,8364.0,0.0
fd79de4d,naphtha,0.0,15976.0
