source_facility_id,destination_facility_id,mode,distance_km
09ce0874,1e8ccaa5,barge,2.4
09ce0874,1e8ccaa5,pipeline,4.7
09ce0874,30d8879f,barge,155.0
09ce0874,30d8879f,pipeline,91.6
09ce0874,383f296e,barge,3.7
09ce0874,383f296e,pipeline,3.2
09ce0874,62086957,barge,56.9
09ce0874,62086957,pipeline,53.8
09ce0874,6a54ad25,barge,145.4
09ce0874,6a54ad25,pipeline,89.6
09ce0874,765d6912,barge,17.1
09ce0874,765d6912,pipeline,6.7
09ce0874,7a3911e7,barge,58.5
09ce0874,7a3911e7,pipeline,54.8
09ce0874,a6630b6f,barge,60.9
09ce0874,a6630b6f,pipeline,73.4
09ce0874,bb6398b6,barge,220.6
09ce0874,bb6398b6,pipeline,85.5
0dc94d4c,1e04ae30,rail,1940.6
12d6ed9a,24bb32b4,pipeline,10.5
12d6ed9a,307f8e57,pipeline,16.6
141dc4d9,6a46fddb,rail,14.1
141dc4d9,74b0c40d,rail,20.6
159fda82,1e04ae30,rail,1391.3
176640e9,28bd0211,rail,370.2
176640e9,2d714da1,pipeline,581.9
176640e9,2d714da1,rail,137.8
19240ddd,1e8ccaa5,pipeline,418.7
19240ddd,30d8879f,pipeline,271.8
19240ddd,383f296e,pipeline,417.2
19240ddd,62086957,pipeline,467.9
19240ddd,6a54ad25,pipeline,271.9
19240ddd,765d6912,pipeline,420.7
19240ddd,7a3911e7,pipeline,468.8
19240ddd,a6630b6f,pipeline,492.6
19240ddd,bb6398b6,pipeline,346.7
19240ddd,eddbcbe4,pipeline,124.8
19564e64,1e04ae30,rail,1864.7
1e7daa53,0943f240,pipeline,38.3
1e8ccaa5,1c67c9a5,barge,22.0
1e8ccaa5,1c67c9a5,pipeline,3.0
1e8ccaa5,6406e1e8,pipeline,1060.0
1e8ccaa5,6406e1e8,rail,206.3
1e8ccaa5,73be680c,barge,193.8
1e8ccaa5,73be680c,pipeline,238.5
1e8ccaa5,b345de20,barge,223.8
1e8ccaa5,b345de20,pipeline,227.7
1e8ccaa5,b345de20,rail,62.0
24bb32b4,28bd0211,pipeline,31.9
263da640,0a8165e3,pipeline,3562.8
263da640,0edae41d,pipeline,101.0
263da640,391abb50,pipeline,3974.5
263da640,39dc8740,pipeline,4214.4
263da640,3c23882e,pipeline,2572.3
263da640,46e5aa3e,pipeline,3432.3
263da640,4a4d05f7,pipeline,3477.4
263da640,4b8f324d,pipeline,2758.9
263da640,4ce24db9,pipeline,3224.2
263da640,70d5316a,pipeline,3200.7
263da640,858966f0,pipeline,3674.7
263da640,a43ffbc5,pipeline,2946.0
263da640,a81a21a0,pipeline,4223.1
263da640,c64eed0e,pipeline,3219.5
263da640,c78f7046,pipeline,1861.3
263da640,f082d14f,pipeline,2165.2
263da640,fac4c032,pipeline,2632.1
263da640,fd662c46,pipeline,2893.8
26af24bb,2d714da1,barge,12.0
26af24bb,2d714da1,pipeline,3.5
2a1bce3a,24bb32b4,pipeline,11.1
2a1bce3a,307f8e57,pipeline,17.3
307f8e57,28bd0211,pipeline,9.5
30d8879f,6a46fddb,barge,160.3
30d8879f,6a46fddb,pipeline,146.6
30d8879f,6a46fddb,rail,15.1
30d8879f,73be680c,barge,54.6
30d8879f,73be680c,pipeline,72.1
30d8879f,74b0c40d,barge,202.5
30d8879f,74b0c40d,pipeline,210.0
30d8879f,74b0c40d,rail,21.6
30d8879f,b345de20,barge,83.2
30d8879f,b345de20,pipeline,105.3
383f296e,1c67c9a5,barge,23.1
383f296e,1c67c9a5,pipeline,3.2
383f296e,5add53e0,barge,473.5
383f296e,5add53e0,pipeline,417.4
383f296e,73be680c,barge,197.1
383f296e,73be680c,pipeline,236.4
383f296e,b345de20,barge,227.0
383f296e,b345de20,pipeline,228.0
38c59ab4,7a3911e7,barge,37.5
38c59ab4,7a3911e7,pipeline,50.3
391abb50,28bd0211,rail,364.1
391abb50,2d714da1,pipeline,833.3
391abb50,2d714da1,rail,140.6
391abb50,4ff39f24,pipeline,274.0
391abb50,6406e1e8,pipeline,287.0
39dc8740,28bd0211,rail,362.1
39dc8740,2d714da1,pipeline,1086.6
39dc8740,2d714da1,rail,139.8
39dc8740,4ff39f24,pipeline,15.0
39dc8740,6406e1e8,pipeline,28.0
4a4d05f7,28bd0211,rail,418.5
4a4d05f7,2d714da1,pipeline,793.5
4a4d05f7,2d714da1,rail,129.4
4a4d05f7,5add53e0,barge,48.8
4a4d05f7,5add53e0,pipeline,55.0
4b8f324d,eed57791,pipeline,224.0
4ce24db9,3f8e5330,pipeline,20.9
4ce24db9,5add53e0,pipeline,310.2
4fc6f7af,8b0072a2,pipeline,20.0
5d688dfc,3c23882e,pipeline,601.5
5d688dfc,46e5aa3e,pipeline,2116.2
5d688dfc,4a4d05f7,pipeline,2161.4
5d688dfc,4b8f324d,pipeline,1442.8
5d688dfc,4ce24db9,pipeline,1908.1
5d688dfc,70d5316a,pipeline,1884.6
5d688dfc,a43ffbc5,pipeline,1629.9
5d688dfc,c64eed0e,pipeline,1903.4
5d688dfc,c78f7046,pipeline,1889.4
5d688dfc,eb05f2e5,pipeline,66.1
5d688dfc,f082d14f,pipeline,294.4
5d688dfc,fac4c032,pipeline,1316.0
5d688dfc,fd662c46,pipeline,1577.8
62086957,47cf22ae,barge,37.6
62086957,47cf22ae,pipeline,31.7
62086957,6a46fddb,barge,93.0
62086957,6a46fddb,pipeline,171.8
62086957,6a46fddb,rail,33.5
62086957,74b0c40d,barge,3.5
62086957,74b0c40d,pipeline,4.0
62086957,74b0c40d,rail,4.8
64d4fb0e,a92397ab,pipeline,22.3
64d4fb0e,d378f0f0,pipeline,17.4
64d4fb0e,f7681451,pipeline,17.8
65d622bd,06f2fa25,barge,93.0
65d622bd,06f2fa25,pipeline,22.5
6a54ad25,73be680c,barge,58.5
6a54ad25,73be680c,pipeline,74.9
6a54ad25,b345de20,barge,88.4
6a54ad25,b345de20,pipeline,108.0
6bae4a23,19564e64,pipeline,503.0
6bae4a23,e90ab211,pipeline,17.0
6bde3d02,1e8ccaa5,barge,3.0
6bde3d02,1e8ccaa5,pipeline,4.5
70d5316a,3f8e5330,pipeline,7.2
741e890b,951e82c8,pipeline,26.3
765d6912,1c67c9a5,barge,35.6
765d6912,1c67c9a5,pipeline,3.1
765d6912,5add53e0,barge,486.1
765d6912,5add53e0,pipeline,417.3
765d6912,5c3c3ded,pipeline,392.4
7a3911e7,47cf22ae,barge,38.9
7a3911e7,47cf22ae,pipeline,32.8
7a3911e7,6a46fddb,barge,91.5
7a3911e7,6a46fddb,pipeline,172.6
7a3911e7,6a46fddb,rail,32.5
7a3911e7,74b0c40d,barge,1.8
7a3911e7,74b0c40d,pipeline,3.0
7a3911e7,74b0c40d,rail,2.9
7a3911e7,88392c56,rail,1289.6
7a3911e7,c023abf1,rail,83.5
7ad6df35,1e8ccaa5,barge,5.2
7ad6df35,1e8ccaa5,pipeline,6.7
7ad6df35,30d8879f,barge,156.9
7ad6df35,30d8879f,pipeline,93.6
7ad6df35,383f296e,barge,5.9
7ad6df35,383f296e,pipeline,5.2
7ad6df35,62086957,barge,60.0
7ad6df35,62086957,pipeline,55.9
7ad6df35,6a54ad25,barge,147.3
7ad6df35,6a54ad25,pipeline,91.6
7ad6df35,765d6912,barge,13.4
7ad6df35,765d6912,pipeline,5.5
7ad6df35,7a3911e7,barge,61.6
7ad6df35,7a3911e7,pipeline,56.8
7ad6df35,a6630b6f,barge,62.4
7ad6df35,a6630b6f,pipeline,75.9
7ad6df35,bb6398b6,barge,222.5
7ad6df35,bb6398b6,pipeline,87.5
7e8542d1,08ffe6d2,pipeline,4.5
846fd219,1e8ccaa5,barge,18.8
846fd219,1e8ccaa5,pipeline,6.9
846fd219,30d8879f,barge,170.3
846fd219,30d8879f,pipeline,93.8
846fd219,383f296e,barge,17.7
846fd219,383f296e,pipeline,5.4
846fd219,62086957,barge,64.9
846fd219,62086957,pipeline,56.1
846fd219,6a54ad25,barge,160.7
846fd219,6a54ad25,pipeline,91.9
846fd219,765d6912,barge,9.4
846fd219,765d6912,pipeline,2.8
846fd219,7a3911e7,barge,66.5
846fd219,7a3911e7,pipeline,57.1
846fd219,a6630b6f,barge,62.2
846fd219,a6630b6f,pipeline,77.9
846fd219,bb6398b6,barge,235.9
846fd219,bb6398b6,pipeline,87.8
858966f0,15e16c3c,pipeline,599.9
858966f0,47f7223d,pipeline,460.6
85b45fea,2d714da1,barge,17.5
85b45fea,2d714da1,pipeline,15.7
85b45fea,2d714da1,rail,13.2
85b45fea,5c3c3ded,pipeline,359.6
87e48f98,a92397ab,pipeline,29.0
87e48f98,d378f0f0,pipeline,24.1
87e48f98,f7681451,pipeline,24.6
8a27ed79,eb05f2e5,pipeline,53.8
8d803d51,a92397ab,pipeline,21.7
8d803d51,d378f0f0,pipeline,16.8
8d803d51,f7681451,pipeline,17.2
9944fac5,3c23882e,pipeline,188.3
9944fac5,b9b7b8a8,pipeline,452.7
9b36065a,1e8ccaa5,barge,10.7
9b36065a,1e8ccaa5,pipeline,7.0
9b36065a,30d8879f,barge,162.4
9b36065a,30d8879f,pipeline,93.9
9b36065a,383f296e,barge,11.8
9b36065a,383f296e,pipeline,5.5
9b36065a,62086957,barge,61.1
9b36065a,62086957,pipeline,56.2
9b36065a,6a54ad25,barge,152.8
9b36065a,6a54ad25,pipeline,92.0
9b36065a,765d6912,barge,8.5
9b36065a,765d6912,pipeline,3.8
9b36065a,7a3911e7,barge,62.7
9b36065a,7a3911e7,pipeline,57.2
9b36065a,a6630b6f,barge,60.9
9b36065a,a6630b6f,pipeline,75.9
9b36065a,bb6398b6,barge,228.0
9b36065a,bb6398b6,pipeline,87.9
9eaa9be9,c78f7046,pipeline,97.5
a138d843,1e8ccaa5,barge,57.1
a138d843,1e8ccaa5,pipeline,52.2
a138d843,383f296e,barge,55.8
a138d843,383f296e,pipeline,50.7
a138d843,62086957,barge,3.2
a138d843,62086957,pipeline,21.7
a138d843,765d6912,barge,64.0
a138d843,765d6912,pipeline,54.2
a138d843,7a3911e7,barge,4.5
a138d843,7a3911e7,pipeline,20.1
a138d843,a6630b6f,barge,46.7
a138d843,a6630b6f,pipeline,43.4
a43ffbc5,47f7223d,pipeline,2.0
a6630b6f,47cf22ae,barge,63.0
a6630b6f,47cf22ae,pipeline,9.7
a6630b6f,74b0c40d,barge,47.1
a6630b6f,74b0c40d,pipeline,36.3
a6813687,74a48812,pipeline,20.5
a81a21a0,28bd0211,rail,369.9
a81a21a0,2d714da1,pipeline,1095.3
a81a21a0,2d714da1,rail,156.0
a81a21a0,4ff39f24,pipeline,5.8
a81a21a0,6406e1e8,pipeline,23.1
ab338597,58b886ef,pipeline,40.9
ab338597,7ebca8e8,pipeline,21.0
ab338597,959a839b,pipeline,53.9
aded2aa9,1e8ccaa5,barge,16.3
aded2aa9,1e8ccaa5,pipeline,6.1
aded2aa9,30d8879f,barge,167.3
aded2aa9,30d8879f,pipeline,93.0
aded2aa9,383f296e,barge,14.6
aded2aa9,383f296e,pipeline,4.6
aded2aa9,62086957,barge,65.1
aded2aa9,62086957,pipeline,55.3
aded2aa9,6a54ad25,barge,157.8
aded2aa9,6a54ad25,pipeline,91.0
aded2aa9,765d6912,barge,5.8
aded2aa9,765d6912,pipeline,1.9
aded2aa9,7a3911e7,barge,66.7
aded2aa9,7a3911e7,pipeline,56.2
aded2aa9,a6630b6f,barge,63.6
aded2aa9,a6630b6f,pipeline,78.8
aded2aa9,bb6398b6,barge,233.0
aded2aa9,bb6398b6,pipeline,86.9
ae36b05f,0a8165e3,pipeline,766.1
ae36b05f,0edae41d,pipeline,3130.4
ae36b05f,391abb50,pipeline,1177.8
ae36b05f,39dc8740,pipeline,1417.7
ae36b05f,3c23882e,pipeline,1928.6
ae36b05f,46e5aa3e,pipeline,474.7
ae36b05f,4a4d05f7,pipeline,680.7
ae36b05f,4b8f324d,pipeline,386.8
ae36b05f,4ce24db9,pipeline,427.5
ae36b05f,70d5316a,pipeline,431.5
ae36b05f,74a48812,pipeline,79.5
ae36b05f,858966f0,pipeline,551.0
ae36b05f,a43ffbc5,pipeline,758.4
ae36b05f,a81a21a0,pipeline,1426.4
ae36b05f,c64eed0e,pipeline,420.1
ae36b05f,c78f7046,pipeline,2561.7
ae36b05f,f082d14f,pipeline,1521.5
ae36b05f,fac4c032,pipeline,589.8
ae36b05f,fd662c46,pipeline,750.6
af489593,8ad9a60e,pipeline,62.2
b4df57a6,1e8ccaa5,barge,9.9
b4df57a6,1e8ccaa5,pipeline,6.6
b4df57a6,30d8879f,barge,161.7
b4df57a6,30d8879f,pipeline,93.6
b4df57a6,383f296e,barge,10.4
b4df57a6,383f296e,pipeline,5.2
b4df57a6,62086957,barge,60.6
b4df57a6,62086957,pipeline,55.8
b4df57a6,6a54ad25,barge,152.1
b4df57a6,6a54ad25,pipeline,91.6
b4df57a6,765d6912,barge,9.2
b4df57a6,765d6912,pipeline,3.1
b4df57a6,7a3911e7,barge,62.2
b4df57a6,7a3911e7,pipeline,56.8
b4df57a6,a6630b6f,barge,60.6
b4df57a6,a6630b6f,pipeline,75.5
b4df57a6,bb6398b6,barge,227.3
b4df57a6,bb6398b6,pipeline,87.5
b5853929,1288c44b,pipeline,40.5
b7fea969,159fda82,pipeline,23.0
b9b7b8a8,15e16c3c,pipeline,31.9
b9b7b8a8,6a46fddb,rail,15.5
bb6398b6,6a46fddb,barge,226.0
bb6398b6,6a46fddb,pipeline,104.2
bb6398b6,6a46fddb,rail,16.0
bb6398b6,73be680c,barge,28.9
bb6398b6,73be680c,pipeline,39.0
bb6398b6,b345de20,barge,5.2
bb6398b6,b345de20,pipeline,15.1
c427150a,cc164d13,pipeline,7.4
c64eed0e,3f8e5330,pipeline,16.8
caaf9dcf,8b0072a2,pipeline,39.5
cb0703b0,e9e6f955,pipeline,9.5
d0fe845d,0943f240,pipeline,41.6
d4c77b69,4f22984e,pipeline,502.5
d4c77b69,c7665fa4,pipeline,430.2
d79eb2e2,daac8705,pipeline,14.3
de5ae086,06f2fa25,barge,99.2
de5ae086,06f2fa25,pipeline,37.1
e27c1bf9,c7729100,pipeline,13.8
e766d6af,f04fa134,pipeline,28.8
e766d6af,fae4e58f,pipeline,30.5
eae3910e,cc164d13,pipeline,38.9
effbc0d3,95955ab2,pipeline,55.0
fac4c032,47f7223d,pipeline,430.7
fac4c032,c023abf1,pipeline,17.5
fb0b3578,58b886ef,pipeline,56.8
fb0b3578,7ebca8e8,pipeline,36.9
fb0b3578,959a839b,pipeline,69.8
fd662c46,47f7223d,pipeline,75.4
